{
    "ConfigVersion": 27,
    "ID": 2,
    "ObjectiveType": 7,
    "ObjectiveText": "Kill the Reaper patrol.",
    "TimeLimit": -1,
    "Active": 1,
    "AISpawn": {
        "NumberOfAI": 4,
        "NPCName": "Serpent",
        "Waypoints": [
            [
                11844.400390625,
                140.60499572753907,
                12468.599609375
            ],
            [
                11831.7998046875,
                140.60499572753907,
                12461.599609375
            ],
            [
                11843.0,
                140.60499572753907,
                12456.2001953125
            ],
            [
                11852.099609375,
                140.60499572753907,
                12452.5
            ],
            [
                11858.599609375,
                140.60499572753907,
                12454.5
            ],
            [
                11858.400390625,
                140.13499450683595,
                12428.0
            ],
            [
                11876.5,
                140.13499450683595,
                12418.0
            ],
            [
                11882.599609375,
                140.13499450683595,
                12438.599609375
            ],
            [
                11874.7998046875,
                140.01199340820313,
                12459.2001953125
            ],
            [
                11897.5,
                140.03199768066407,
                12449.7998046875
            ]
        ],
        "Behaviour": 0,
        "Formation": "RANDOM",
        "Loadout": "SerpentsLoadout",
        "Faction": "Mercenaries",
        "Speed": 1.0,
        "ThreatSpeed": 3.0,
        "MinAccuracy": 0.3499999940395355,
        "MaxAccuracy": 0.75,
        "CanBeLooted": 1,
        "UnlimitedReload": 1,
        "ThreatDistanceLimit": 1000.0,
        "DamageMultiplier": 1.0,
        "DamageReceivedMultiplier": 1.0,
        "ClassNames": [
            "eAI_SurvivorF_Eva",
            "eAI_SurvivorF_Frida",
            "eAI_SurvivorF_Gabi",
            "eAI_SurvivorF_Helga",
            "eAI_SurvivorF_Irena",
            "eAI_SurvivorF_Judy",
            "eAI_SurvivorF_Keiko",
            "eAI_SurvivorF_Linda",
            "eAI_SurvivorF_Maria",
            "eAI_SurvivorF_Naomi",
            "eAI_SurvivorF_Baty",
            "eAI_SurvivorM_Boris",
            "eAI_SurvivorM_Cyril",
            "eAI_SurvivorM_Denis",
            "eAI_SurvivorM_Elias",
            "eAI_SurvivorM_Francis",
            "eAI_SurvivorM_Guo",
            "eAI_SurvivorM_Hassan",
            "eAI_SurvivorM_Indar",
            "eAI_SurvivorM_Jose",
            "eAI_SurvivorM_Kaito",
            "eAI_SurvivorM_Lewis",
            "eAI_SurvivorM_Manua",
            "eAI_SurvivorM_Mirek",
            "eAI_SurvivorM_Niki",
            "eAI_SurvivorM_Oliver",
            "eAI_SurvivorM_Peter",
            "eAI_SurvivorM_Quinn",
            "eAI_SurvivorM_Rolf",
            "eAI_SurvivorM_Seth",
            "eAI_SurvivorM_Taiki"
        ],
        "SniperProneDistanceThreshold": 1000.0,
        "RespawnTime": 1.0,
        "DespawnTime": 1.0,
        "MinDistanceRadius": 50.0,
        "MaxDistanceRadius": 880.0,
        "DespawnRadius": 880.0
    },
    "MaxDistance": -1.0,
    "MinDistance": -1.0,
    "AllowedWeapons": [],
    "AllowedDamageZones": []
}