{
    "ConfigVersion": 27,
    "ID": 1,
    "ObjectiveType": 7,
    "ObjectiveText": "Kill the Reaper patrol.",
    "TimeLimit": -1,
    "Active": 1,
    "AISpawn": {
        "NumberOfAI": 4,
        "NPCName": "Reaper",
        "Waypoints": [
            [
                1073.949951171875,
                152.21400451660157,
                6635.1201171875
            ],
            [
                1110.050048828125,
                149.36199951171876,
                6587.14013671875
            ],
            [
                1120.6700439453126,
                149.5850067138672,
                6639.43017578125
            ],
            [
                1101.0899658203126,
                150.33200073242188,
                6629.89990234375
            ],
            [
                1099.3399658203126,
                153.0709991455078,
                6631.7900390625
            ],
            [
                1066.989990234375,
                153.19900512695313,
                6646.97998046875
            ],
            [
                1067.2900390625,
                153.33999633789063,
                6688.9599609375
            ],
            [
                1089.8800048828126,
                150.1490020751953,
                6673.509765625
            ],
            [
                1072.9300537109376,
                152.58999633789063,
                6595.6298828125
            ],
            [
                1076.2099609375,
                152.5330047607422,
                6584.4501953125
            ]
        ],
        "Behaviour": 0,
        "Formation": "RANDOM",
        "Loadout": "Tier2Loadout",
        "Faction": "Mercenaries",
        "Speed": 1.0,
        "ThreatSpeed": 3.0,
        "MinAccuracy": 0.3499999940395355,
        "MaxAccuracy": 0.800000011920929,
        "CanBeLooted": 1,
        "UnlimitedReload": 1,
        "ThreatDistanceLimit": 1000.0,
        "DamageMultiplier": 1.0,
        "DamageReceivedMultiplier": 1.0,
        "ClassNames": [
            "eAI_SurvivorF_Eva",
            "eAI_SurvivorF_Frida",
            "eAI_SurvivorF_Gabi",
            "eAI_SurvivorF_Helga",
            "eAI_SurvivorF_Irena",
            "eAI_SurvivorF_Judy",
            "eAI_SurvivorF_Keiko",
            "eAI_SurvivorF_Linda",
            "eAI_SurvivorF_Maria",
            "eAI_SurvivorF_Naomi",
            "eAI_SurvivorF_Baty",
            "eAI_SurvivorM_Boris",
            "eAI_SurvivorM_Cyril",
            "eAI_SurvivorM_Denis",
            "eAI_SurvivorM_Elias",
            "eAI_SurvivorM_Francis",
            "eAI_SurvivorM_Guo",
            "eAI_SurvivorM_Hassan",
            "eAI_SurvivorM_Indar",
            "eAI_SurvivorM_Jose",
            "eAI_SurvivorM_Kaito",
            "eAI_SurvivorM_Lewis",
            "eAI_SurvivorM_Manua",
            "eAI_SurvivorM_Mirek",
            "eAI_SurvivorM_Niki",
            "eAI_SurvivorM_Oliver",
            "eAI_SurvivorM_Peter",
            "eAI_SurvivorM_Quinn",
            "eAI_SurvivorM_Rolf",
            "eAI_SurvivorM_Seth",
            "eAI_SurvivorM_Taiki"
        ],
        "SniperProneDistanceThreshold": 300.0,
        "RespawnTime": 1.0,
        "DespawnTime": 1.0,
        "MinDistanceRadius": 50.0,
        "MaxDistanceRadius": 880.0,
        "DespawnRadius": 880.0
    },
    "MaxDistance": -1.0,
    "MinDistance": -1.0,
    "AllowedWeapons": [],
    "AllowedDamageZones": []
}