{
    "ConfigVersion": 6,
    "ID": 5,
    "ClassName": "ExpansionQuestNPCAIHassan",
    "Position": [
        11251.099609375,
        305.29901123046877,
        4278.0498046875
    ],
    "Orientation": [
        -156.5749969482422,
        0.0,
        0.0
    ],
    "NPCName": "General Tulius",
    "DefaultNPCText": "Please progress more in the campaign!",
    "Waypoints": [
        [
            11251.099609375,
            305.29901123046877,
            4278.0498046875
        ],
        [
            11251.2, 313.38, 4275.04
        ],
        [
            11251, 305.299, 4272.71
        ],
        [
            11251.9, 298.304, 4275.47
        ],
        [
            11250.8, 293.68, 4271.31
        ],
        [
            11255.8, 289.49, 4329.12
        ]
    ],
    "NPCEmoteID": 46,
    "NPCEmoteIsStatic": 0,
    "NPCLoadoutFile": "GeneralLoadout",
    "NPCInteractionEmoteID": 1,
    "NPCQuestCancelEmoteID": 60,
    "NPCQuestStartEmoteID": 58,
    "NPCQuestCompleteEmoteID": 39,
    "NPCFaction": "InvincibleObservers",
    "NPCType": 2,
    "Active": 1
}