{
    "ConfigVersion": 6,
    "ID": 2,
    "ClassName": "ExpansionQuestNPCAIEva",
    "Position": [
        3675.25,
        402.6910095214844,
        5990.16015625
    ],
    "Orientation": [
        77.1072006225586,
        0.0,
        0.0
    ],
    "NPCName": "Dr. Milena",
    "DefaultNPCText": "Please progress more in the campaign!",
    "Waypoints": [
        [
            3675.25,
            402.6910095214844,
            5990.16015625
        ],
        [
            3678.33, 402.692, 5988.98
        ],
        [
            3674.49, 402.691, 5992.51
        ],
        [
            3676.19, 402.692, 5993.29
        ]
    ],
    "NPCEmoteID": 46,
    "NPCEmoteIsStatic": 0,
    "NPCLoadoutFile": "DrMilenaNovakLoadout",
    "NPCInteractionEmoteID": 1,
    "NPCQuestCancelEmoteID": 60,
    "NPCQuestStartEmoteID": 58,
    "NPCQuestCompleteEmoteID": 39,
    "NPCFaction": "InvincibleObservers",
    "NPCType": 2,
    "Active": 1
}