{
    "m_Version": 6,
    "m_DisplayName": "Echo Trader Zone",
    "Position": [
        10741.400390625,
        349.85400390625,
        5664.81982421875
    ],
    "Radius": 200.0,
    "BuyPricePercent": 100.0,
    "SellPricePercent": 50.0,
    "Stock": {}
}